{"sections":{"blog-post-banner":{"type":"blog-post-banner","settings":{"show_category":true,"blog_header_background":"#d5f2e4","blog_header_text_color":"#0c3d25"}},"main":{"type":"main-article","settings":{"show_on_scroll_navigation":true,"show_author":false,"show_date":false,"show_share_buttons":false}},"blog-post-prev-next":{"type":"blog-post-prev-next","disabled":true,"settings":{}},"blog-post-comments":{"type":"blog-post-comments","settings":{"show_gravatar":true}}},"order":["blog-post-banner","main","blog-post-prev-next","blog-post-comments"]}