{"sections":{"blog-post-banner":{"type":"blog-post-banner","settings":{"show_category":true,"blog_header_background":"#d5f2e4","blog_header_text_color":"#0c3d25"}},"eec23e6b-93cd-4f85-ab2e-2e00ceeb16bc":{"type":"faq","blocks":{"f482c49f-6245-42d1-9ed2-9d6aa32722d3":{"type":"question-html","settings":{"title":"Zutaten","answer-liquid":"{% if article %}\n{{article.metafields.custom.ingredients}}                     \n{% endif %}"}},"f52b1392-585a-4d71-ace8-ed5872966660":{"type":"question-html","settings":{"title":"Anleitung","answer-liquid":"{% if article %}\n{{article.metafields.custom.instructions}}                     \n{% endif %}"}}},"block_order":["f482c49f-6245-42d1-9ed2-9d6aa32722d3","f52b1392-585a-4d71-ace8-ed5872966660"],"settings":{"show_navigation":false,"title":"","content":"","background":"rgba(0,0,0,0)","text_color":"rgba(0,0,0,0)"}},"main":{"type":"main-article","settings":{"show_on_scroll_navigation":false,"show_author":false,"show_date":false,"show_share_buttons":false}},"blog-post-prev-next":{"type":"blog-post-prev-next","disabled":true,"settings":{}},"blog-post-comments":{"type":"blog-post-comments","disabled":true,"settings":{"show_gravatar":false}}},"order":["blog-post-banner","eec23e6b-93cd-4f85-ab2e-2e00ceeb16bc","main","blog-post-prev-next","blog-post-comments"]}