{"sections":{"collection-banner":{"type":"collection-banner","settings":{"show_collection_image":false,"show_collection_title":true,"show_collection_description":false,"section_height":"small","text_width":"medium","image_text_color":"#ffffff","image_overlay_color":"#000000","image_overlay_opacity":30,"quick_links":""}},"main":{"type":"main-collection","settings":{"show_sort_by":true,"products_per_page":20,"mobile_products_per_row":"2","desktop_products_per_row":4,"show_filters":true,"show_filter_group_name":false,"show_color_swatch":false,"open_first_filter_group":false,"filter_position":"always_visible","promotion_position":"top","promotion_height":"small"}}},"order":["collection-banner","main"]}