{"sections":{"featured-collections":{"type":"featured-collections","blocks":{"collection-1":{"type":"collection","settings":{"collection":"neu-im-sortiment","label":"","button_text":"Jetzt Entdecken","button_url":"shopify:\/\/collections\/neu-im-sortiment"}}},"block_order":["collection-1"],"disabled":true,"settings":{"subheading":"","title":"NEW PRODUCTS","content":"","products_count":8,"products_per_row":5,"stack_products":false,"show_cta":false,"background":"rgba(0,0,0,0)","text_color":"rgba(0,0,0,0)","button_background":"rgba(0,0,0,0)","button_text_color":"rgba(0,0,0,0)"}},"a7b938c5-8978-41be-9ff1-2ad02221cf3a":{"type":"slideshow","blocks":{"template--15580049768580__a7b938c5-8978-41be-9ff1-2ad02221cf3a-image-1":{"type":"image","settings":{"text_position":"middle_center","subheading":"Tell your story","title":"Slide 1","button_1_text":"","button_1_link":"","button_2_text":"","button_2_link":"","text_color":"#ffffff","button_background":"#ffffff","button_text_color":"#000000","overlay_color":"#000000","overlay_opacity":30}},"template--15580049768580__a7b938c5-8978-41be-9ff1-2ad02221cf3a-image-2":{"type":"image","settings":{"text_position":"middle_center","subheading":"Tell your story","title":"Slide 2","button_1_text":"","button_1_link":"","button_2_text":"","button_2_link":"","text_color":"#ffffff","button_background":"#ffffff","button_text_color":"#000000","overlay_color":"#000000","overlay_opacity":30}}},"block_order":["template--15580049768580__a7b938c5-8978-41be-9ff1-2ad02221cf3a-image-1","template--15580049768580__a7b938c5-8978-41be-9ff1-2ad02221cf3a-image-2"],"settings":{"section_height":"small","transition_type":"sweep","autoplay":true,"cycle_speed":5,"background":"rgba(0,0,0,0)"}},"641ac654-6b10-4ac8-9484-bcbdd3733f70":{"type":"text-with-icons","blocks":{"template--19872083181864__641ac654-6b10-4ac8-9484-bcbdd3733f70-16892638634acf8379-0":{"type":"item","settings":{"icon":"picto-box","custom_icon_width":200,"title":"Wir sind Bio in Bio","content":"<p>Unser Bio-Sortiment wächst stetig und beinhaltet plastik- und erdölfreie, 100% kompostierbare Verpackungen für verantwortungsbewusstes Shopping.<\/p>"}},"template--19872083181864__641ac654-6b10-4ac8-9484-bcbdd3733f70-16892638634acf8379-1":{"type":"item","settings":{"icon":"picto-phone","custom_icon_width":200,"title":"Umweltfreundlicher Versand","content":"<p>Alle Bestellungen versenden wir mit dem C02-neutralen Versand DHL GoGreen<\/p>"}},"template--19872083181864__641ac654-6b10-4ac8-9484-bcbdd3733f70-16892638634acf8379-2":{"type":"item","settings":{"icon":"picto-lock","custom_icon_width":200,"title":"Wir produzieren selbst","content":"<p>Wir füllen und verpacken alle Produkte selbst, um höchste Qualität sicherzustellen. Jedes Produkt wird vor dem manuellen Abpacken sorgfältig geprüft und getestet.<\/p>"}},"template--19872083181864__641ac654-6b10-4ac8-9484-bcbdd3733f70-16892638634acf8379-3":{"type":"item","settings":{"icon":"picto-email","custom_icon_width":200,"title":"Maximaler Datenschutz","content":"<p>Alle kundenbezogenen Daten, werden von uns äußerst sorgsam und gemäß den jeweils aktuellen rechtlichen Richtlinien gespeichert. Ihre Daten sind bei uns sicher!<\/p>"}}},"block_order":["template--19872083181864__641ac654-6b10-4ac8-9484-bcbdd3733f70-16892638634acf8379-0","template--19872083181864__641ac654-6b10-4ac8-9484-bcbdd3733f70-16892638634acf8379-1","template--19872083181864__641ac654-6b10-4ac8-9484-bcbdd3733f70-16892638634acf8379-2","template--19872083181864__641ac654-6b10-4ac8-9484-bcbdd3733f70-16892638634acf8379-3"],"disabled":true,"settings":{"background":"#d5f2e4","text_color":"rgba(0,0,0,0)"}},"46c0dab0-3a86-4177-8318-7b9e22bb2058":{"type":"custom-html","custom_css":[],"settings":{"subheading":"","title":"","html":"<p style=\"text-align: center;\"><a href=\"https:\/\/leocodre.com\" class=\"button button--primary\">For More Information -&gt;<\/a><\/p>","add_vertical_spacing":true,"background_type":"full_width","background":"rgba(0,0,0,0)","text_color":"rgba(0,0,0,0)"}},"a73e5f8c-d211-4b38-bda2-af97864d5694":{"type":"featured-collections","blocks":{"template--15580049768580__a73e5f8c-d211-4b38-bda2-af97864d5694-collection-1":{"type":"collection","settings":{"collection":"","label":"","button_text":"","button_url":""}}},"block_order":["template--15580049768580__a73e5f8c-d211-4b38-bda2-af97864d5694-collection-1"],"settings":{"subheading":"Your title","title":"Collection","content":"","products_count":8,"products_per_row":4,"stack_products":true,"show_cta":false,"background":"rgba(0,0,0,0)","text_color":"rgba(0,0,0,0)","button_background":"rgba(0,0,0,0)","button_text_color":"rgba(0,0,0,0)"}},"blog-posts":{"type":"blog-posts","settings":{"blog":"rezepte","subheading":"","title":"Dummy text for title","button_text":"Dummy text for title","button_link":"shopify:\/\/blogs\/rezepte","articles_count":4,"stack_mobile":false,"show_category":true,"show_excerpt":false,"background":"rgba(0,0,0,0)","text_color":"rgba(0,0,0,0)"}},"e559d951-687c-4503-a1b0-b9d68aa0581d":{"type":"press","blocks":{"template--15580049768580__e559d951-687c-4503-a1b0-b9d68aa0581d-item-1":{"type":"item","settings":{"logo_width":100,"content":"Write some content about what they are saying about your store."}}},"block_order":["template--15580049768580__e559d951-687c-4503-a1b0-b9d68aa0581d-item-1"],"settings":{"reveal_on_scroll":true,"background":"rgba(0,0,0,0)","text_color":"rgba(0,0,0,0)"}}},"order":["featured-collections","a7b938c5-8978-41be-9ff1-2ad02221cf3a","641ac654-6b10-4ac8-9484-bcbdd3733f70","46c0dab0-3a86-4177-8318-7b9e22bb2058","a73e5f8c-d211-4b38-bda2-af97864d5694","blog-posts","e559d951-687c-4503-a1b0-b9d68aa0581d"]}