{"sections":{"main":{"type":"main-page","settings":{"show_title":true,"page_width":"medium"}},"48ada57d-e7f3-44bb-91df-91c4e38eacbb":{"type":"wishlist-display","settings":{"subheading":"Your title","title":"Collection","content":"","products_count":8,"products_per_row":4,"stack_products":true,"show_cta":false,"background":"rgba(0,0,0,0)","text_color":"rgba(0,0,0,0)","button_background":"rgba(0,0,0,0)","button_text_color":"rgba(0,0,0,0)"}}},"order":["main","48ada57d-e7f3-44bb-91df-91c4e38eacbb"]}