{"sections":{"cddb2343-f88a-44ee-95da-e97a112b1cd3":{"type":"image-with-text-overlay","settings":{"reveal_on_scroll":true,"section_height":"auto","subheading":"100 % Bio","title":"Ökologisch-Nachhaltig Verpackt","content":"<p>Wir alle sind verantwortlich für unsere Umwelt. Wir von süssundclever.de achten auf den nachhaltigen Rohstoffkreislauf, indem wir ausschließlich biologisch abbaubare Materialien nutzen.<\/p>","button_text":"","button_link":"","link_style":"link","background_type":"full_width","text_width":"large","text_position":"middle_center","text_color":"#ffffff","button_background":"#ffffff","button_text_color":"#000000","overlay_color":"#030f09","overlay_opacity":100}},"main":{"type":"main-page","settings":{"show_title":false,"page_width":"large"}}},"order":["cddb2343-f88a-44ee-95da-e97a112b1cd3","main"]}