{"sections":{"main":{"type":"main-page","settings":{"show_title":false,"page_width":"medium"}},"e9aec6a5-68de-4cb1-a0e7-119cb0ea8656":{"type":"blog-icons","blocks":{"template--20137211691304__e9aec6a5-68de-4cb1-a0e7-119cb0ea8656-logo-1":{"type":"logo","settings":{"logo":"shopify:\/\/shop_images\/lifestyle.png","link":"shopify:\/\/blogs\/healthy-lifestyle","icon_name":"Lifestyle"}},"template--20137211691304__e9aec6a5-68de-4cb1-a0e7-119cb0ea8656-logo-2":{"type":"logo","settings":{"logo":"shopify:\/\/shop_images\/essentials.png","link":"shopify:\/\/blogs\/essentials","icon_name":"Essentials"}},"template--20137211691304__e9aec6a5-68de-4cb1-a0e7-119cb0ea8656-logo-3":{"type":"logo","settings":{"logo":"shopify:\/\/shop_images\/recipes.png","link":"shopify:\/\/blogs\/rezepte","icon_name":"Rezepte"}}},"block_order":["template--20137211691304__e9aec6a5-68de-4cb1-a0e7-119cb0ea8656-logo-1","template--20137211691304__e9aec6a5-68de-4cb1-a0e7-119cb0ea8656-logo-2","template--20137211691304__e9aec6a5-68de-4cb1-a0e7-119cb0ea8656-logo-3"],"settings":{"reveal_on_scroll":false,"title":"Blogs","background":"rgba(0,0,0,0)","text_color":"rgba(0,0,0,0)","logo_background":"#d5f2e4"}},"38a7b696-fdfe-4e9c-ad7c-0626e1f66e43":{"type":"blog-posts","settings":{"blog":"healthy-lifestyle","subheading":"","title":"Healthy Lifestyle","button_text":"Alle Healty lifestyle Beiträge Ansehen","button_link":"shopify:\/\/blogs\/healthy-lifestyle","articles_count":3,"stack_mobile":false,"show_category":true,"show_excerpt":false,"background":"#d5f2e4","text_color":"rgba(0,0,0,0)"}},"989b4fbe-a6d7-44ff-955a-4e6de6980a33":{"type":"blog-icons","blocks":{"231c5915-a806-4e42-ae00-af8bf3a09f43":{"type":"logo","settings":{"logo":"shopify:\/\/shop_images\/herzhaft.png","link":"\/blogs\/rezepte\/tagged\/herzhaft","icon_name":"Herzhaft"}},"e93b4773-a7b0-43ba-af30-70b7300eaf28":{"type":"logo","settings":{"logo":"shopify:\/\/shop_images\/unter-10-min.png","link":"\/blogs\/rezepte\/tagged\/unter-10-min","icon_name":"Unter 10 Minuten"}},"8df191d3-2b10-4b6b-bf03-2d995f71cffb":{"type":"logo","settings":{"logo":"shopify:\/\/shop_images\/geback-und-naschereien.png","link":"\/blogs\/rezepte\/tagged\/geback-und-naschereien","icon_name":"Gebäck und Naschereien"}},"84bc9ba3-3173-4550-9686-5090a0bcd4bb":{"type":"logo","settings":{"logo":"shopify:\/\/shop_images\/getranke.png","link":"\/blogs\/rezepte\/tagged\/getranke","icon_name":"Getränke"}},"089cd770-cb0a-42f8-86ee-da8ca04d69d8":{"type":"logo","settings":{"logo":"shopify:\/\/shop_images\/glutenfrei.png","link":"\/blogs\/rezepte\/tagged\/glutenfrei","icon_name":"Glutenfrei"}},"2d63ba29-8784-447a-9830-a143535cd0dd":{"type":"logo","settings":{"logo":"shopify:\/\/shop_images\/zuckerfrei.png","link":"\/blogs\/rezepte\/tagged\/zuckerfrei","icon_name":"Zuckerfrei"}},"e9518ab2-367b-45ff-b638-eaa759a99742":{"type":"logo","settings":{"logo":"shopify:\/\/shop_images\/proteinreich.png","link":"\/blogs\/rezepte\/tagged\/proteinreich","icon_name":"Proteinreich"}},"1116ee1c-a0a8-42f8-8d0a-aa16c59ff5a9":{"type":"logo","settings":{"logo":"shopify:\/\/shop_images\/fruhstuck.png","link":"\/blogs\/rezepte\/tagged\/fruhstuck","icon_name":"Frühstück"}}},"block_order":["231c5915-a806-4e42-ae00-af8bf3a09f43","e93b4773-a7b0-43ba-af30-70b7300eaf28","8df191d3-2b10-4b6b-bf03-2d995f71cffb","84bc9ba3-3173-4550-9686-5090a0bcd4bb","089cd770-cb0a-42f8-86ee-da8ca04d69d8","2d63ba29-8784-447a-9830-a143535cd0dd","e9518ab2-367b-45ff-b638-eaa759a99742","1116ee1c-a0a8-42f8-8d0a-aa16c59ff5a9"],"settings":{"reveal_on_scroll":false,"title":"Rezepte","background":"rgba(0,0,0,0)","text_color":"rgba(0,0,0,0)","logo_background":"#d5f2e4"}},"c6b43874-7347-48fa-8450-9fbe5de1ef9f":{"type":"blog-posts","settings":{"blog":"rezepte","subheading":"","title":"","button_text":"","button_link":"","articles_count":4,"stack_mobile":false,"show_category":true,"show_excerpt":false,"background":"rgba(0,0,0,0)","text_color":"rgba(0,0,0,0)"}},"e502e0b4-9dde-4298-9bc9-9d0938499ce4":{"type":"blog-posts","settings":{"blog":"essentials","subheading":"","title":"Essentials","button_text":"Alle Blogartikel sehen","button_link":"shopify:\/\/blogs\/essentials","articles_count":3,"stack_mobile":false,"show_category":true,"show_excerpt":false,"background":"#d5f2e4","text_color":"rgba(0,0,0,0)"}},"ca056153-0853-4b94-b350-b5faf78c9747":{"type":"featured-collections","blocks":{"template--20137211691304__ca056153-0853-4b94-b350-b5faf78c9747-collection-1":{"type":"collection","settings":{"collection":"bestseller","label":"","button_text":"","button_url":""}}},"block_order":["template--20137211691304__ca056153-0853-4b94-b350-b5faf78c9747-collection-1"],"settings":{"subheading":"","title":"Unsere Beliebtesten Produkte","content":"","products_count":4,"products_per_row":4,"stack_products":true,"show_cta":false,"background":"rgba(0,0,0,0)","text_color":"rgba(0,0,0,0)","button_background":"rgba(0,0,0,0)","button_text_color":"rgba(0,0,0,0)"}}},"order":["main","e9aec6a5-68de-4cb1-a0e7-119cb0ea8656","38a7b696-fdfe-4e9c-ad7c-0626e1f66e43","989b4fbe-a6d7-44ff-955a-4e6de6980a33","c6b43874-7347-48fa-8450-9fbe5de1ef9f","e502e0b4-9dde-4298-9bc9-9d0938499ce4","ca056153-0853-4b94-b350-b5faf78c9747"]}