{"sections":{"main":{"type":"main-product","blocks":{"6ab93c68-763b-461f-af1a-6072a426ddea":{"type":"usp_list","settings":{}},"variant_picker":{"type":"variant_picker","settings":{"hide_sold_out_variants":false,"selector_mode":"block","color_mode":"dropdown","size_chart_page":""}},"quantity_selector":{"type":"quantity_selector","settings":{}},"buy_buttons":{"type":"buy_buttons","settings":{"show_payment_button":false,"show_gift_card_recipient":false,"atc_button_background":"#30be76","atc_button_text_color":"#ffffff","buy_now_button_background":"rgba(0,0,0,0)","buy_now_button_text_color":"rgba(0,0,0,0)"}},"03348e70-816b-4218-956f-8d3cc6e71d28":{"type":"egs_pdp_usps","settings":{"unique_selling_point_1":"","unique_selling_point_1_metafield":"","icon_1":"none","custom_icon_width_1":50,"unique_selling_point_2":"","unique_selling_point_2_metafield":"","icon_2":"none","custom_icon_width_2":50,"unique_selling_point_3":"","unique_selling_point_3_metafield":"","icon_3":"none","custom_icon_width_3":50,"unique_selling_point_4":"","unique_selling_point_4_metafield":"","icon_4":"none","custom_icon_width_4":50,"unique_selling_point_5":"","unique_selling_point_5_metafield":"","icon_5":"none","custom_icon_width_5":50}}},"block_order":["6ab93c68-763b-461f-af1a-6072a426ddea","variant_picker","quantity_selector","buy_buttons","03348e70-816b-4218-956f-8d3cc6e71d28"],"settings":{"show_vendor":false,"show_sku":false,"show_taxes_included":true,"show_product_rating":true,"show_sticky_add_to_cart":true,"show_share_buttons":false,"help_page":"","enable_video_autoplay":true,"enable_video_looping":false,"enable_image_zoom":true,"show_thumbnails_on_mobile":false,"desktop_thumbnails_position":"bottom","transition_effect":"slide"}},"product-content":{"type":"product-content","blocks":{"description":{"type":"description","settings":{}},"e8e447e2-1daf-4929-ac74-12dc85b7945a":{"type":"yt-video","settings":{}},"0dc5aa38-04b7-42fb-811c-81ff67f79485":{"type":"nutrition-facts","settings":{}},"a818ac13-a3c7-4bfa-8eaf-dc73328c34b8":{"type":"reviews","settings":{}},"edc5e992-7c74-46b5-873d-2d180bdf36ff":{"type":"blog","settings":{}},"69c7559a-3688-469f-bf40-9823fdd428c2":{"type":"allergenes","settings":{}},"03d403c4-3701-43e4-ac5f-4feaa9892b25":{"type":"additional-information","settings":{}}},"block_order":["description","e8e447e2-1daf-4929-ac74-12dc85b7945a","0dc5aa38-04b7-42fb-811c-81ff67f79485","a818ac13-a3c7-4bfa-8eaf-dc73328c34b8","edc5e992-7c74-46b5-873d-2d180bdf36ff","69c7559a-3688-469f-bf40-9823fdd428c2","03d403c4-3701-43e4-ac5f-4feaa9892b25"],"settings":{}},"product-recommendations":{"type":"product-recommendations","settings":{"subheading":"","title":"Passend Dazu","recommendations_count":6,"background":"rgba(0,0,0,0)","text_color":"rgba(0,0,0,0)"}},"1690165490a035c200":{"type":"apps","settings":{"include_horizontal_margins":true,"include_vertical_margins":true}}},"order":["main","product-content","product-recommendations","1690165490a035c200"]}