{"type":"footer","name":"Footer group","sections":{"2dd5f303-cbf2-40d5-b861-8aed825e1e55":{"type":"text-with-icons","blocks":{"sections--19872083804456__2dd5f303-cbf2-40d5-b861-8aed825e1e55-1689623685c2491311-0":{"type":"item","settings":{"icon":"picto-box","custom_icon_width":200,"title":"Dummy text for title","content":"<p>There are many variations of passages of Lorem Ipsum available, but the majority have suffered alteration in some form, by injected humour<\/p>"}},"sections--19872083804456__2dd5f303-cbf2-40d5-b861-8aed825e1e55-1689623685c2491311-1":{"type":"item","settings":{"icon":"picto-phone","custom_icon_width":200,"title":"Dummy text for title","content":"<p>There are many variations of passages of Lorem Ipsum available, but the majority have suffered alteration in some form, by injected humour, or randomised words which don't look even slightly believable. If you are going to use a passage of Lorem Ipsum, you need to be sure there isn't anything embarrassing hidden in the middle of text.<\/p>"}},"sections--19872083804456__2dd5f303-cbf2-40d5-b861-8aed825e1e55-1689623685c2491311-2":{"type":"item","settings":{"icon":"picto-lock","custom_icon_width":200,"title":"Dummy text for title","content":"<p>There are many variations of passages of Lorem Ipsum available, but the majority have suffered alteration in some form, by injected humour, or randomised words which don't look even slightly believable. If you are going to use a passage of Lorem Ipsum, you need to be sure there isn't anything embarrassing hidden in the middle of text.<\/p>"}},"sections--19872083804456__2dd5f303-cbf2-40d5-b861-8aed825e1e55-1689623685c2491311-3":{"type":"item","settings":{"icon":"picto-email","custom_icon_width":200,"title":"Dummy text for title","content":"<p>There are many variations of passages of Lorem Ipsum available, but the majority have suffered alteration in some form, by injected humour, or randomised words which don't look even slightly believable. If you are going to use a passage of Lorem Ipsum, you need to be sure there isn't anything embarrassing hidden in the middle of text.<\/p>"}}},"block_order":["sections--19872083804456__2dd5f303-cbf2-40d5-b861-8aed825e1e55-1689623685c2491311-0","sections--19872083804456__2dd5f303-cbf2-40d5-b861-8aed825e1e55-1689623685c2491311-1","sections--19872083804456__2dd5f303-cbf2-40d5-b861-8aed825e1e55-1689623685c2491311-2","sections--19872083804456__2dd5f303-cbf2-40d5-b861-8aed825e1e55-1689623685c2491311-3"],"settings":{"background":"#d5f2e4","text_color":"rgba(0,0,0,0)"}},"footer":{"type":"footer","blocks":{"text":{"type":"text","settings":{"title":"Quick Contqct","content":"<p>Phone: <a href=\"tel:+8801234567\" title=\"tel:+8801234567\">+8801234567<br\/><\/a>Email: <a href=\"mailto:test@gmail.com\" title=\"mailto:test@gmail.com\">test@gmail.com<\/a><\/p>"}},"links":{"type":"links","settings":{"menu":"footer"}},"newsletter":{"type":"newsletter","settings":{"title":"Newsletter","content":"","show_siegel":false,"title2":"Zertifikate und Siegel"}},"social_media":{"type":"social_media","disabled":true,"settings":{"title":"Folge Uns","content":""}}},"block_order":["text","links","newsletter","social_media"],"settings":{"show_payment_icons":true,"enable_follow_on_shop":true,"show_country_selector":false,"show_locale_selector":false}}},"order":["2dd5f303-cbf2-40d5-b861-8aed825e1e55","footer"]}