{"type":"header","name":"Header group","sections":{"announcement-bar":{"type":"announcement-bar","disabled":true,"settings":{"announcement_bar_position":"non_sticky","announcement_text_size":"normal","autoplay":true,"cycle_speed":5,"background":"#30be76","text_color":"#ffffff","button_background":"#ffffff","button_text_color":"#282828"}},"header":{"type":"header","blocks":{"a3cc3398-f238-49d0-ac83-a4bd54d8b5dc":{"type":"mega_menu","settings":{"menu_item":"Shop","images_position":"right","image_1_heading":"","image_1_text":"","image_1_link":"#","image_2_heading":"","image_2_text":"","image_2_link":"","image_3_heading":"","image_3_text":"","image_3_link":"","image_4_heading":"","image_4_text":"","image_4_link":"","image_5_heading":"","image_5_text":"","image_5_link":"","image_6_heading":"","image_6_text":"","image_6_link":""}}},"block_order":["a3cc3398-f238-49d0-ac83-a4bd54d8b5dc"],"settings":{"enable_sticky_header":true,"logo":"{{ shop.brand.logo }}","logo_max_width":205,"mobile_logo_max_width":100,"navigation_menu":"main-menu","sidebar_navigation_menu":"","header_layout":"logo_left_navigation_center","show_icons":true,"reduce_desktop_padding":true,"show_locale_selector":false,"show_country_selector":false,"enable_transparent_header":false,"transparent_header_text_color":"#ffffff","search_menu":""}}},"order":["announcement-bar","header"]}