{"type":"custom.overlay","name":"Overlay group","sections":{"newsletter-popup":{"type":"newsletter-popup","disabled":true,"settings":{"apparition_delay":5,"show_only_on_index":true,"show_only_for_visitors":true,"show_only_once":true,"image_position":"left","title":"Get 10% off","content":"<p>Promotions, new products and sales. Directly to your inbox.<\/p>"}},"privacy-banner":{"type":"privacy-banner","settings":{"cookie_bar_title":"Cookie policy","cookie_bar_content":"<p>I agree to the processing of my data in accordance with the conditions set out in the policy of Privacy.<\/p>"}}},"order":["newsletter-popup","privacy-banner"]}